MinorAxisLength,AspectRation,Eccentricity,ConvexArea,EquivDiameter,Extent,Class
173.888747,1.197191424,0.549812187,28715,190.1410973,0.763922518,SEKER
182.7344194,1.097356461,0.411785251,29172,191.2727505,0.783968133,SEKER
175.9311426,1.209712656,0.562727317,29690,193.4109041,0.778113248,SEKER
182.5165157,1.153638059,0.498615976,30724,195.4670618,0.782681273,SEKER
190.2792788,1.06079802,0.333679658,30417,195.896503,0.773098035,SEKER
181.5101816,1.171066849,0.52040066,30600,196.3477022,0.775688485,SEKER
184.0390501,1.146768336,0.489477894,30970,196.9886332,0.762401501,SEKER
182.7372038,1.165590535,0.513759558,30847,197.1243203,0.770681818,SEKER
183.1571463,1.165852108,0.51408086,31044,197.659696,0.771561479,SEKER
180.8974686,1.2008339,0.553642225,31120,198.1390121,0.783682806,SEKER
184.4398709,1.157884618,0.504102365,31280,198.4055115,0.770805285,SEKER
188.3268476,1.117664622,0.446621924,31458,198.9630385,0.786377317,SEKER
184.9692526,1.160455295,0.507365875,31423,199.0142269,0.761046142,SEKER
183.6443122,1.178826797,0.529514251,31492,199.1773023,0.798759229,SEKER
187.1929601,1.132879009,0.469924157,31474,199.1773023,0.781313473,SEKER
186.5620882,1.141582018,0.482352224,31520,199.2412169,0.764110482,SEKER
184.4716842,1.168963657,0.517871223,31573,199.3178875,0.779192888,SEKER
184.8748759,1.163315112,0.510946829,31558,199.3210815,0.762984155,SEKER
187.535939,1.132851229,0.469883494,31593,199.5413417,0.770322199,SEKER
184.1634403,1.177161395,0.52758671,31599,199.7422367,0.774277242,SEKER
182.0088637,1.207992784,0.56099452,31604,199.8664991,0.769196823,SEKER
188.0664823,1.136755746,0.475535642,31791,200.3627781,0.768949371,SEKER
185.4482507,1.171793345,0.52126839,32197,200.499357,0.756964757,SEKER
175.510446,1.308863717,0.645190802,32045,200.702465,0.761823348,SEKER
171.2105592,1.3828156,0.690678219,32009,200.8229633,0.740935673,SEKER
192.2484159,1.092574316,0.402841974,32026,200.8451524,0.773184303,SEKER
187.2724497,1.151845384,0.496263281,32093,200.9117052,0.777110501,SEKER
184.1151053,1.193690859,0.546072628,32020,201.0542441,0.775589974,SEKER
183.2920681,1.205504947,0.558465259,32173,201.1175623,0.777674419,SEKER
180.9171228,1.238051321,0.589564969,32052,201.2536289,0.773877293,SEKER
189.9692019,1.125106823,0.458286561,32168,201.2852592,0.772354369,SEKER
181.8946963,1.225284154,0.57785815,32274,201.2915846,0.774847821,SEKER
180.4394219,1.246471264,0.596968354,32238,201.3358572,0.785245659,SEKER
188.0653069,1.150240653,0.494138341,32184,201.5823407,0.777655945,SEKER
190.6449473,1.120866215,0.451705439,32246,201.7622728,0.772270531,SEKER
191.4872537,1.111757361,0.436968432,32258,201.8253689,0.774212284,SEKER
192.4225318,1.102632806,0.421302377,32391,201.8316774,0.789741311,SEKER
191.8101346,1.110108127,0.43420694,32375,201.897905,0.761880964,SEKER
176.9318083,1.305469433,0.642831065,32349,201.9325869,0.779448988,SEKER
181.9408668,1.233820224,0.5857513,32308,201.970415,0.770514671,SEKER
188.9705403,1.143813985,0.48544352,32395,201.9893264,0.778069153,SEKER
189.3033869,1.140593884,0.48097147,32301,202.030295,0.779804909,SEKER
173.2308993,1.364864213,0.680580172,32481,202.058653,0.780878628,SEKER
182.3644962,1.230899418,0.583080944,32567,202.1940863,0.767625332,SEKER
183.8290361,1.211220556,0.564236127,32393,202.2098285,0.760670804,SEKER
188.2047159,1.158103377,0.504381753,32521,202.3766203,0.76059302,SEKER
185.2954324,1.195286422,0.547784367,32585,202.5212716,0.762907351,SEKER
184.4046839,1.207974042,0.560975566,32566,202.5369884,0.754431565,SEKER
185.5923729,1.192040817,0.54428951,32710,202.5841313,0.775204425,SEKER
186.0277835,1.187892253,0.539747143,32514,202.6406883,0.764060649,SEKER
186.2777558,1.185348348,0.536918908,32612,202.6626784,0.775805676,SEKER
184.5129929,1.206953791,0.559941518,32563,202.6752432,0.781313572,SEKER
188.5531418,1.15713587,0.503143726,32623,202.7286345,0.790183599,SEKER
189.591319,1.146526426,0.489149967,32615,202.8667587,0.784843629,SEKER
186.136273,1.189512059,0.541530905,32672,202.9138251,0.782490866,SEKER
186.3604099,1.18737462,0.539174328,32720,202.9671537,0.783793605,SEKER
186.1762293,1.190581987,0.542701939,32806,203.0079249,0.759099437,SEKER
188.3004274,1.163725525,0.511456521,32608,203.0330109,0.784302326,SEKER
188.0092368,1.169286684,0.518261408,32775,203.2116585,0.769320176,SEKER
183.6920946,1.225977906,0.578509868,32767,203.3118831,0.765034405,SEKER
187.1344232,1.183349841,0.534673644,32843,203.4652564,0.7849831,SEKER
187.2561106,1.181605154,0.532696427,32811,203.4777716,0.758915235,SEKER
187.6655865,1.176673909,0.527019605,32842,203.4777716,0.794032183,SEKER
184.2147342,1.221823306,0.574579254,33000,203.4996712,0.769057978,SEKER
182.8423057,1.241712486,0.592813998,32901,203.6654067,0.781922043,SEKER
184.9234713,1.213605695,0.566603091,32851,203.6747839,0.772061611,SEKER
191.002277,1.142115946,0.483095172,33016,203.7810289,0.808562858,SEKER
177.1581895,1.328027061,0.658024288,32902,203.802896,0.779311992,SEKER
185.1437243,1.215348733,0.568317852,32994,204.0401594,0.767684831,SEKER
186.1499298,1.20266426,0.555543833,33021,204.0619987,0.779469946,SEKER
193.4864621,1.113340533,0.43959156,33020,204.0869551,0.799516082,SEKER
194.793825,1.099961565,0.416528466,33066,204.1368587,0.769153036,SEKER
187.4792477,1.188771846,0.540717403,33120,204.2771471,0.790153816,SEKER
189.8094038,1.159189666,0.505764488,33062,204.2802636,0.772630835,SEKER
185.6002312,1.213415795,0.566415511,33091,204.3425821,0.775992617,SEKER
187.4192621,1.190621317,0.542744878,33111,204.3456976,0.800820453,SEKER
190.1123396,1.156713709,0.502601593,33087,204.3550436,0.746177996,SEKER
189.0026275,1.172467827,0.522071263,33154,204.4484801,0.789785166,SEKER
191.7587728,1.138962252,0.478674896,33225,204.4702758,0.80291471,SEKER
181.7436855,1.269492841,0.616038378,33245,204.5107474,0.746568182,SEKER
190.0206598,1.159653709,0.506352834,33198,204.5761077,0.781242573,SEKER
184.5596932,1.230319577,0.582547095,33225,204.6227808,0.785669916,SEKER
191.4622125,1.144315272,0.486132629,33376,204.7316434,0.777974713,SEKER
186.4615283,1.207370616,0.560364527,33252,204.7471905,0.768683025,SEKER
189.6018111,1.167756413,0.516407505,33401,204.7751722,0.776708646,SEKER
200.2495993,1.047159612,0.296720861,33336,204.8155836,0.765319396,SEKER
185.5215755,1.221685649,0.574447868,33524,204.8280162,0.770801656,SEKER
187.1772945,1.20074238,0.553546741,33461,204.9429826,0.766699205,SEKER
188.2429412,1.187442927,0.539249994,33458,204.9988888,0.757018349,SEKER
186.8900915,1.203762369,0.556677424,33374,205.0113104,0.791587732,SEKER
188.0291423,1.190144523,0.542223823,33289,205.020626,0.789784689,SEKER
187.5026272,1.197051022,0.549663318,33340,205.0392561,0.764328704,SEKER
192.4739417,1.137563711,0.476689675,33423,205.1385878,0.777926846,SEKER
187.8781612,1.194635275,0.547087283,33320,205.1603102,0.799274662,SEKER
189.7813412,1.169973519,0.51908899,33439,205.1727219,0.77866227,SEKER
178.9312328,1.316483846,0.650391531,33333,205.2223615,0.787721471,SEKER
190.3548121,1.163022358,0.510582618,33327,205.2223615,0.772417336,SEKER
194.2070489,1.119093377,0.448903019,33466,205.2564817,0.774410223,SEKER
184.6885548,1.236712666,0.588365282,33352,205.2595833,0.769355964,SEKER
189.7373793,1.172812181,0.522480157,33377,205.4238989,0.769979556,SEKER
189.98042,1.170878708,0.520175444,33415,205.4734778,0.788111423,SEKER
180.5827539,1.297552191,0.637220052,33542,205.5013606,0.761240274,SEKER
190.3614532,1.167534946,0.516138043,33429,205.5106541,0.790237278,SEKER
182.0856017,1.275820505,0.621001572,33520,205.5818899,0.773698809,SEKER
200.9273673,1.049424005,0.303273094,33611,205.711909,0.76828479,SEKER
183.4292487,1.259176693,0.607696024,33511,205.7490422,0.787661984,SEKER
194.9834825,1.115233763,0.442693503,33565,205.7583245,0.757943925,SEKER
180.705496,1.299286096,0.6384619,33857,205.8356604,0.759656652,SEKER
185.2793615,1.237148493,0.588756561,33699,205.9593374,0.782616866,SEKER
188.8365103,1.191598158,0.543808892,33732,205.9686102,0.7960388,SEKER
189.7357064,1.179669807,0.530484185,33701,205.9871545,0.798969072,SEKER
189.4313875,1.184387496,0.535842011,33580,206.0026068,0.790184922,SEKER
192.7167056,1.144328878,0.486151306,33834,206.0118777,0.772240756,SEKER
182.9185092,1.269766497,0.616255393,33639,206.0273281,0.776747437,SEKER
188.668526,1.194253546,0.54667768,33692,206.0458672,0.763352487,SEKER
190.920249,1.167346605,0.515908654,33730,206.1632423,0.781688327,SEKER
192.0898879,1.153418042,0.498328415,33752,206.2157306,0.761491108,SEKER
194.0253903,1.131522436,0.46793088,33691,206.2836368,0.763385107,SEKER
189.9810797,1.179949356,0.530804973,33707,206.289809,0.772982724,SEKER
186.6258656,1.222891486,0.575596241,33789,206.3021528,0.754491694,SEKER
185.6980934,1.235586679,0.587351259,33713,206.3083245,0.791743641,SEKER
193.6804685,1.135413444,0.473606709,33788,206.3144959,0.788708802,SEKER
189.5660154,1.186934863,0.538686621,33708,206.3206672,0.776807082,SEKER
190.2565986,1.178586895,0.529237524,33713,206.3607759,0.767814509,SEKER
188.7406408,1.198038824,0.550708725,33791,206.3638608,0.770224525,SEKER
194.5431002,1.12638252,0.460233577,33765,206.4008768,0.786308517,SEKER
189.9543464,1.181652029,0.53274976,33748,206.4286344,0.792329545,SEKER
187.3160543,1.21686354,0.569797937,33745,206.5211327,0.781494961,SEKER
195.1928536,1.121171948,0.452185632,33793,206.6320761,0.783504673,SEKER
187.9440519,1.210566012,0.563582376,33800,206.6443995,0.760516111,SEKER
191.2006021,1.169889288,0.518987648,33915,206.6474802,0.76426488,SEKER
199.9257014,1.069167543,0.353836994,33832,206.6721244,0.783570411,SEKER
187.8565921,1.213352027,0.566352488,33897,206.7121649,0.739858907,SEKER
190.4630178,1.179172355,0.529912303,33927,206.7614349,0.761792399,SEKER
192.9504091,1.149057171,0.492559596,33868,206.7829868,0.775302429,SEKER
191.3544824,1.169218404,0.518178984,33884,206.7860655,0.748056576,SEKER
199.5241432,1.076387518,0.369995763,34162,206.8568621,0.770802752,SEKER
192.2260318,1.158927754,0.505431801,34012,206.8968668,0.783244805,SEKER
197.0837827,1.102941394,0.421848171,33918,206.9060976,0.793238493,SEKER
190.753366,1.178953771,0.52966059,34009,206.9307109,0.762884493,SEKER
190.8531005,1.177150939,0.52757456,33919,206.9553214,0.78625187,SEKER
185.6531262,1.247609077,0.597950376,33985,207.1951199,0.766225798,SEKER
186.1264562,1.242015871,0.593081148,34073,207.2381313,0.803214668,SEKER
194.1359516,1.140387786,0.480682529,33988,207.2534904,0.786863834,SEKER
196.5777218,1.114062631,0.440779117,34127,207.4315723,0.77773175,SEKER
187.1642998,1.230189184,0.582426873,34143,207.4776031,0.784067718,SEKER
195.2815454,1.130438948,0.466327555,34079,207.5236236,0.788438228,SEKER
193.4836383,1.152415344,0.497013692,34146,207.5665669,0.782128328,SEKER
190.5214245,1.188221248,0.540110507,34159,207.5880353,0.763926508,SEKER
194.6713489,1.138382624,0.477854006,34239,207.6003019,0.786271777,SEKER
184.1392916,1.27259641,0.618486935,34142,207.6278992,0.781254326,SEKER
191.5211613,1.177598412,0.528093987,34319,207.6340314,0.77518315,SEKER
195.0635178,1.134073805,0.471666862,34167,207.6462953,0.771600437,SEKER
186.8608751,1.23584543,0.587584681,34171,207.652427,0.799933862,SEKER
189.1647868,1.20608691,0.559059342,34211,207.6830826,0.788272251,SEKER
192.8605622,1.162243676,0.50961126,34251,207.8485452,0.76272901,SEKER
187.0289921,1.238003462,0.589522187,34246,207.8975459,0.791226721,SEKER
184.2937385,1.273808035,0.619435383,34280,207.8975459,0.761530869,SEKER
181.6542972,1.311240651,0.646827292,34379,207.9434735,0.770405154,SEKER
185.7332978,1.255099849,0.604309903,34279,207.9434735,0.771192406,SEKER
194.7690372,1.141669311,0.482473841,34260,207.9679641,0.764705882,SEKER
185.9156247,1.25319359,0.602708675,34349,207.9771473,0.785661425,SEKER
197.0923214,1.114962639,0.442251584,34299,208.0414186,0.778228022,SEKER
194.3808765,1.147727915,0.490774479,34285,208.0505986,0.764693974,SEKER
189.1650397,1.210898964,0.563915151,34277,208.0750765,0.781970795,SEKER
187.4123657,1.236085487,0.587801025,34334,208.1454347,0.778507367,SEKER
191.1104706,1.187417987,0.539222369,34369,208.1729597,0.753842746,SEKER
190.6640036,1.193832824,0.546225424,34502,208.2188266,0.757901531,SEKER
186.7914403,1.24436186,0.595136326,34362,208.2249414,0.743986367,SEKER
196.882203,1.119646032,0.449779934,34367,208.2463418,0.789083496,SEKER
188.3912829,1.22419118,0.576827653,34364,208.3135861,0.801740767,SEKER
190.8101712,1.193957013,0.54635901,34502,208.359422,0.762250738,SEKER
189.5440417,1.210688207,0.563704561,34421,208.3808087,0.798426745,SEKER
196.5103818,1.125855866,0.459431581,34492,208.4083026,0.77466164,SEKER
184.7780345,1.274725908,0.620151121,34392,208.4602256,0.795515465,SEKER
193.8042127,1.157549753,0.503674085,34473,208.4632795,0.770625423,SEKER
188.035623,1.231222027,0.583377426,34580,208.524348,0.750455974,SEKER
192.2363364,1.17836629,0.528982779,34389,208.524348,0.778210737,SEKER
193.5928928,1.16254527,0.50998793,34576,208.6098138,0.778015524,SEKER
194.474673,1.1517228,0.496101592,34445,208.6464313,0.771980131,SEKER
191.4154535,1.191296024,0.543480298,34515,208.6952446,0.757730817,SEKER
192.1947081,1.180435819,0.531362195,34421,208.6952446,0.774299425,SEKER
186.9591042,1.247240782,0.597632979,34577,208.734897,0.773752996,SEKER
195.2383681,1.143721216,0.485315785,34576,208.7409967,0.7843326,SEKER
187.7243461,1.239510475,0.59086546,34510,208.792837,0.769554077,SEKER
189.9911444,1.21010116,0.563116981,34732,208.8141792,0.779558388,SEKER
191.3685323,1.191440814,0.543637825,34556,208.8355193,0.792893519,SEKER
194.9291861,1.148975344,0.492450072,34575,208.8385677,0.775363303,SEKER
191.8680382,1.185944914,0.537585123,34623,208.8538091,0.770124761,SEKER
190.4115066,1.205594039,0.558556303,34738,208.9056214,0.763113367,SEKER
189.6239312,1.216397453,0.569343533,34619,208.9513274,0.78204251,SEKER
198.103852,1.115243208,0.442708884,34600,209.0183449,0.796975891,SEKER
191.8273267,1.188547268,0.540470046,34652,209.0427095,0.787467878,SEKER
189.3043718,1.221092393,0.573880789,34714,209.0609812,0.793596116,SEKER
190.8718701,1.200883421,0.553693873,34592,209.0792512,0.779056047,SEKER
190.6295846,1.205514668,0.558475195,34583,209.0914304,0.809796708,SEKER
183.7249369,1.296673425,0.636587835,34645,209.1279635,0.783365262,SEKER
178.97451,1.368991991,0.682950707,34759,209.252737,0.793932958,SEKER
189.9052632,1.215980692,0.568936466,34730,209.264906,0.781681818,SEKER
189.1898259,1.224786513,0.577389526,34638,209.2679482,0.791235335,SEKER
190.931594,1.20343992,0.556345118,34776,209.2740324,0.772202766,SEKER
188.9396293,1.230329164,0.582555932,34802,209.3135751,0.80069808,SEKER
187.3982909,1.248458481,0.598680683,34677,209.319658,0.787459954,SEKER
195.6151627,1.14583779,0.488214125,34885,209.3409465,0.775202703,SEKER
189.1497475,1.228676843,0.581027879,34762,209.3470286,0.755708264,SEKER
188.5544051,1.233838406,0.585767825,34791,209.3591921,0.758928571,SEKER
191.3790717,1.20040554,0.553194986,34908,209.3683143,0.777770247,SEKER
191.9152031,1.191660824,0.543876991,34826,209.4078393,0.790874437,SEKER
187.5726238,1.250754642,0.600643034,34874,209.4139194,0.784650082,SEKER
195.3291753,1.152349161,0.496926671,34853,209.4260791,0.745783628,SEKER
178.1577837,1.384870389,0.691799925,34691,209.4686324,0.770181477,SEKER
190.9936711,1.205055483,0.558005411,34747,209.4929447,0.789667812,SEKER
194.6503481,1.159255102,0.505847536,34774,209.5081384,0.793308174,SEKER
182.3691135,1.321732487,0.65389796,34878,209.511177,0.776463964,SEKER
188.5878665,1.239426102,0.590790465,35051,209.5354844,0.740677893,SEKER
188.5763657,1.236543276,0.588213024,34829,209.5597889,0.785850991,SEKER
185.8927694,1.272478978,0.618394789,34885,209.5962405,0.747724515,SEKER
190.9197413,1.206420478,0.559399185,34776,209.6144638,0.783654283,SEKER
195.6829765,1.148568576,0.491904913,34830,209.6509059,0.78580046,SEKER
189.734176,1.22232617,0.575058574,34878,209.6569789,0.785863874,SEKER
202.7149085,1.070577908,0.357077019,35057,209.6843055,0.768333927,SEKER
187.2911352,1.254827198,0.604081588,34826,209.7176998,0.769194798,SEKER
193.972557,1.170142039,0.51929162,34827,209.7176998,0.786784803,SEKER
188.8659908,1.236013359,0.587736043,34848,209.8724584,0.781432121,SEKER
190.4578223,1.215150492,0.568123459,34919,209.8906578,0.777790266,SEKER
194.7187568,1.163316482,0.510948533,35048,209.8936909,0.780620417,SEKER
187.0530848,1.261293312,0.609433752,35010,209.9573755,0.763726204,SEKER
193.5033005,1.179278959,0.53003497,34965,209.9604076,0.759576148,SEKER
190.4682829,1.217464754,0.570382778,34913,209.9695037,0.761848185,SEKER
189.6828749,1.22905782,0.581381107,34915,209.9785994,0.745816373,SEKER
192.4014026,1.191970436,0.544213158,34953,209.9846629,0.760686201,SEKER
194.4152197,1.167929264,0.51661761,34929,209.9967896,0.764012971,SEKER
188.3397997,1.246101199,0.59664803,34989,210.0058841,0.757876772,SEKER
195.8277652,1.153016616,0.497802899,35034,210.0907472,0.797799871,SEKER
187.6497244,1.255474903,0.604623587,35015,210.1058977,0.765769944,SEKER
195.193788,1.160116359,0.506938033,34982,210.1210471,0.777907394,SEKER
191.2410961,1.20927171,0.56228427,34941,210.1331659,0.77594308,SEKER
189.501815,1.2328649,0.58488132,35154,210.1937492,0.747877064,SEKER
191.7626609,1.203411104,0.556315398,35025,210.2028352,0.77323975,SEKER
194.7318627,1.167037322,0.515531503,34999,210.2603707,0.790375817,SEKER
193.6576351,1.181519496,0.532598937,35043,210.281564,0.777143752,SEKER
193.8600236,1.177794388,0.52832113,35019,210.2936735,0.777807636,SEKER
188.725983,1.242756379,0.593731888,35043,210.3360513,0.78414425,SEKER
200.2691414,1.103966864,0.423653581,35046,210.3390779,0.770465632,SEKER
198.5282098,1.124267613,0.456997571,35091,210.3451311,0.805069039,SEKER
191.6720331,1.206382936,0.559360961,35150,210.3663159,0.786410842,SEKER
192.8875726,1.191041073,0.543202669,35171,210.3784205,0.776816841,SEKER
190.9940473,1.215615541,0.568579226,35054,210.3935503,0.75210384,SEKER
192.1855584,1.199811896,0.552573788,35163,210.408679,0.783978175,SEKER
194.336638,1.173467221,0.523256094,35103,210.4117046,0.763179843,SEKER
193.96029,1.178190729,0.528779858,35139,210.4177557,0.780561167,SEKER
192.6459316,1.198346811,0.551033739,35126,210.4570836,0.726833957,SEKER
194.3385831,1.173378219,0.523150809,35231,210.4722078,0.784929498,SEKER
186.9933377,1.270048194,0.616478558,35187,210.4782571,0.747197526,SEKER
187.4231531,1.262442101,0.610371182,35052,210.4782571,0.784974619,SEKER
195.613827,1.15858982,0.505001894,35120,210.4964041,0.784632035,SEKER
191.6112724,1.210560116,0.563576479,35137,210.620367,0.789079132,SEKER
198.5307932,1.126890634,0.461004955,35122,210.620367,0.787580813,SEKER
188.0626579,1.257167299,0.606033555,35229,210.6385017,0.761017689,SEKER
192.7521882,1.195491391,0.548003376,35119,210.6475685,0.7725046,SEKER
197.677632,1.137331977,0.476359223,35256,210.6928967,0.793179543,SEKER
197.1479559,1.143372259,0.484834723,35188,210.7321732,0.765204037,SEKER
193.9498701,1.182248699,0.533427616,35217,210.7321732,0.784480432,SEKER
188.3981624,1.253691263,0.603127827,35298,210.7351942,0.769785919,SEKER
198.8687463,1.125365442,0.458682478,35258,210.7351942,0.792362389,SEKER
189.5311789,1.237386093,0.588969591,35219,210.7442569,0.792916894,SEKER
191.4684387,1.213372114,0.566372342,35182,210.7472777,0.79973864,SEKER
197.2329239,1.142658305,0.483847619,35227,210.7835238,0.76303245,SEKER
189.2799888,1.24289736,0.593855566,35252,210.8318423,0.762515289,SEKER
191.3768711,1.214329904,0.567317077,35204,210.8318423,0.771070766,SEKER
193.1139792,1.192614885,0.544911378,35245,210.8348619,0.774376719,SEKER
181.6399258,1.422153122,0.711032482,37992,210.871093,0.712095261,SEKER
193.7172105,1.188119517,0.539998207,35445,210.9012808,0.75706484,SEKER
192.0522539,1.208127223,0.561130429,35353,210.9073179,0.786846847,SEKER
189.5541679,1.239697891,0.591031959,35231,210.9344825,0.76000435,SEKER
192.6081255,1.200686059,0.553487963,35254,210.973714,0.797927461,SEKER
187.9510512,1.26395208,0.611597287,35342,210.979749,0.80349345,SEKER
187.1376478,1.272371851,0.618310695,35218,211.0038872,0.755509463,SEKER
184.3295472,1.317327882,0.65095951,35858,211.0038872,0.743367347,SEKER
189.6894581,1.238875312,0.590300279,35269,211.0129383,0.782454021,SEKER
191.3427601,1.217755417,0.570665001,35276,211.0400893,0.785290948,SEKER
188.1316847,1.259706645,0.6081324,35298,211.0853331,0.757992549,SEKER
192.6036331,1.203695806,0.556608864,35293,211.1667477,0.791779707,SEKER
192.5367815,1.205317841,0.558273939,35369,211.1938789,0.79899188,SEKER
197.8959341,1.140066481,0.480231413,35380,211.2270346,0.800045662,SEKER
195.0752162,1.173717518,0.523551942,35349,211.2481309,0.777484472,SEKER
194.3218141,1.183766279,0.535143216,35314,211.2782649,0.7777063,SEKER
200.2523714,1.114913642,0.442171641,35579,211.2873042,0.778740227,SEKER
195.1179759,1.173849668,0.523707997,35356,211.2993561,0.788708952,SEKER
191.2138075,1.224998628,0.57758939,35563,211.3083945,0.752682864,SEKER
190.5792388,1.232008674,0.58409876,35395,211.3445445,0.76844388,SEKER
194.93395,1.17809071,0.528664177,35513,211.3505688,0.767613338,SEKER
223.8544724,1.490000079,0.74132981,59171,270.9073653,0.779775433,BARBUNYA
219.5139403,1.530204275,0.756920024,58301,271.0835546,0.776504144,BARBUNYA
215.3862585,1.589983228,0.777455903,58657,271.1493025,0.720880877,BARBUNYA
223.64553,1.476807237,0.735857484,58490,271.1892132,0.791268254,BARBUNYA
223.8914482,1.470502983,0.733175547,58873,271.2314651,0.716443265,BARBUNYA
254.9310128,1.135791816,0.474151929,58725,271.3089098,0.769390471,BARBUNYA
215.4655387,1.592320159,0.778201712,58931,271.3089098,0.783211857,BARBUNYA
223.8870374,1.475983313,0.735509477,58707,271.5833087,0.799152963,BARBUNYA
233.2385837,1.359203987,0.677280671,58918,271.6301868,0.774646758,BARBUNYA
229.3523842,1.415157194,0.707577968,58998,271.7379756,0.746002753,BARBUNYA
219.0556948,1.543173238,0.761627245,58862,271.7567171,0.816207925,BARBUNYA
223.0799218,1.492702525,0.742428018,59165,271.8504054,0.771745778,BARBUNYA
211.0881507,1.670924318,0.801144357,58934,271.9323561,0.722120681,BARBUNYA
229.3608779,1.413607601,0.706803541,59388,272.1078816,0.742050327,BARBUNYA
217.4412004,1.570253891,0.770996245,59272,272.1967714,0.715650826,BARBUNYA
224.1314497,1.480181,0.73727473,59272,272.2365284,0.788982867,BARBUNYA
232.9670574,1.371506803,0.684380469,59309,272.3581023,0.735401782,BARBUNYA
218.1332902,1.570488512,0.771074821,59011,272.4375635,0.703269393,BARBUNYA
213.7338655,1.629465217,0.78954064,58881,272.4492471,0.71911928,BARBUNYA
198.8382226,1.880947017,0.846965983,59273,272.5029848,0.726482312,BARBUNYA
217.0433676,1.582199367,0.774942614,59984,272.5917457,0.737716315,BARBUNYA
227.1540301,1.446325093,0.722465006,59350,272.5940811,0.717159429,BARBUNYA
209.1198282,1.712302182,0.811747134,59369,272.8461892,0.705840456,BARBUNYA
214.4989431,1.625833087,0.788473062,59402,272.8741868,0.697447823,BARBUNYA
235.4369868,1.349912458,0.671738034,59543,272.9768202,0.765312794,BARBUNYA
219.7961494,1.562340968,0.768320642,60295,272.9908127,0.684573099,BARBUNYA
211.9276991,1.667052108,0.800104026,59458,273.233235,0.728204173,BARBUNYA
217.2837758,1.583889799,0.775492275,59181,273.2472143,0.704904436,BARBUNYA
227.6504993,1.446823301,0.72269278,59726,273.5662149,0.719304901,BARBUNYA
214.554192,1.629239288,0.789474484,59540,273.6988283,0.77516469,BARBUNYA
229.8999744,1.424051899,0.711958445,60103,273.7011543,0.709380275,BARBUNYA
231.7515902,1.400120133,0.699916758,59915,273.7360416,0.725829726,BARBUNYA
235.8839231,1.353335396,0.673798509,59856,273.7499952,0.771945701,BARBUNYA
230.3472397,1.419596999,0.709778162,59798,273.7546463,0.740346155,BARBUNYA
218.8363498,1.583002656,0.775204079,60225,273.8011526,0.751793968,BARBUNYA
216.4020641,1.604406752,0.781996085,60173,273.8290526,0.75860159,BARBUNYA
209.8883902,1.708048066,0.810698681,60140,273.8732217,0.761209459,BARBUNYA
220.0762982,1.551429782,0.764548068,59770,273.9243561,0.719086317,BARBUNYA
231.8918465,1.400980095,0.700363851,59792,273.9592149,0.776047289,BARBUNYA
224.6666206,1.494855293,0.743297439,59755,273.9940693,0.700128242,BARBUNYA
215.5429853,1.619812581,0.786684399,59646,274.0451811,0.684777561,BARBUNYA
215.1271842,1.635921855,0.791417386,60703,274.3145222,0.778707425,BARBUNYA
219.8602324,1.560808029,0.767796508,61028,274.395737,0.69358433,BARBUNYA
247.6315232,1.235460401,0.587237256,60079,274.4328557,0.79769932,BARBUNYA
212.5713344,1.671497397,0.801297596,59888,274.458372,0.806549242,BARBUNYA
210.6934538,1.71660666,0.812798713,60797,274.4699695,0.702862913,BARBUNYA
222.213422,1.53154593,0.757413913,60023,274.6485092,0.704455463,BARBUNYA
229.5490083,1.43444416,0.716940714,60140,274.6740054,0.747659424,BARBUNYA
216.352452,1.6178704,0.786102246,60252,274.7666989,0.776722557,BARBUNYA
242.8218976,1.283668322,0.627002265,60205,274.9844056,0.764366707,BARBUNYA
217.4451123,1.603558978,0.781733331,60252,275.0168153,0.730996887,BARBUNYA
210.1600776,1.721376712,0.813953262,60627,275.2158195,0.692497526,BARBUNYA
222.095662,1.547720091,0.763242897,60177,275.2597661,0.783783784,BARBUNYA
211.1895381,1.70863792,0.810844604,60682,275.3638223,0.77253269,BARBUNYA
229.2148249,1.446471762,0.722532093,60606,275.4308598,0.743177169,BARBUNYA
226.7063493,1.481373485,0.737772705,60673,275.5163669,0.737539432,BARBUNYA
219.3624607,1.579320813,0.774001653,60256,275.5464036,0.793611924,BARBUNYA
237.980706,1.345667369,0.669151851,60741,275.6064672,0.774678613,BARBUNYA
219.3204196,1.583272974,0.775291957,60638,275.6526611,0.764230557,BARBUNYA
217.1409106,1.617329493,0.785939663,60632,275.6757551,0.728044496,BARBUNYA
216.6008809,1.627688985,0.789019632,61185,275.9042817,0.694100028,BARBUNYA
206.2712911,1.819274057,0.835382017,61962,275.9388904,0.665361208,BARBUNYA
213.0306154,1.689148637,0.805927523,60870,276.0011752,0.674479167,BARBUNYA
217.9793747,1.6099992,0.783716806,61098,276.0357718,0.77998045,BARBUNYA
213.1506727,1.684636844,0.804760426,61108,276.2132994,0.765274585,BARBUNYA
259.7326001,1.137450056,0.476527657,60869,276.2478694,0.834159105,BARBUNYA
220.193528,1.577421622,0.77337738,60922,276.2524784,0.749225,BARBUNYA
223.7786425,1.534500314,0.758495791,60713,276.2870435,0.804986774,BARBUNYA
215.3835281,1.653630105,0.796430432,60955,276.4505931,0.717501225,BARBUNYA
223.5238431,1.536976262,0.75939649,61177,276.4989484,0.728171235,BARBUNYA
216.6974691,1.644872197,0.793975337,61058,276.4989484,0.807164942,BARBUNYA
218.6123363,1.604443921,0.782007594,60993,276.5680127,0.771706039,BARBUNYA
222.2243718,1.556581025,0.766341327,61062,276.6485659,0.727539003,BARBUNYA
227.5811621,1.483627267,0.738709684,61175,276.6968866,0.743606549,BARBUNYA
217.4922322,1.622529054,0.787494419,61020,276.7520999,0.681967622,BARBUNYA
219.4736662,1.612750282,0.784555344,61801,276.8371989,0.685714286,BARBUNYA
215.0536853,1.668067927,0.800377774,61280,276.9406623,0.77934327,BARBUNYA
231.652791,1.436892904,0.718094032,61313,277.0302994,0.798992577,BARBUNYA
221.5746204,1.571235501,0.771324702,61644,277.0716606,0.751083761,BARBUNYA
215.1371786,1.661805407,0.798680607,61010,277.1336908,0.691675267,BARBUNYA
222.9906301,1.549195797,0.763763481,61109,277.1773334,0.787646199,BARBUNYA
224.5974163,1.532893983,0.75790853,61174,277.2071901,0.78564176,BARBUNYA
233.0859508,1.41820659,0.709092084,61607,277.26919,0.813790501,BARBUNYA
208.9364254,1.768420867,0.824764579,61404,277.3334715,0.742477876,BARBUNYA
215.0499722,1.67287808,0.801666018,61368,277.335767,0.731414665,BARBUNYA
219.5192104,1.604520497,0.7820313,61537,277.3518349,0.749708386,BARBUNYA
218.5384799,1.617296753,0.785929816,61940,277.4160973,0.744897959,BARBUNYA
220.6672633,1.58852476,0.776988414,61848,277.6959241,0.707877513,BARBUNYA
216.0327705,1.662084295,0.798756672,61579,277.7509388,0.798339812,BARBUNYA
236.1899254,1.387626708,0.69329395,61552,277.7623988,0.738495101,BARBUNYA
239.376276,1.355795194,0.675265737,61608,277.8219834,0.733590687,BARBUNYA
235.9652894,1.391708527,0.695484332,61537,277.9411141,0.763163191,BARBUNYA
228.2420069,1.489765075,0.74123395,61724,278.071641,0.745748143,BARBUNYA
226.7417755,1.510287645,0.749392947,61680,278.0853772,0.789353296,BARBUNYA
219.8903051,1.605083042,0.782205329,61871,278.1311593,0.760153142,BARBUNYA
215.8900137,1.665387343,0.79965411,61634,278.2615971,0.702520678,BARBUNYA
250.9693725,1.23654037,0.588210412,61578,278.4011208,0.8203822,BARBUNYA
219.7636533,1.610992494,0.784020164,61670,278.4148406,0.688423005,BARBUNYA
223.8423141,1.553024971,0.765105746,61747,278.5017174,0.821661721,BARBUNYA
212.2274488,1.725708959,0.814992157,61813,278.5657145,0.718380914,BARBUNYA
218.0096636,1.636381353,0.791549933,61892,278.6731052,0.728274627,BARBUNYA
231.2578523,1.45544841,0.726587942,61950,278.7187908,0.784874447,BARBUNYA
226.6670806,1.529194216,0.756547129,62594,278.8147062,0.805262464,BARBUNYA
234.1825072,1.424076351,0.711970338,61989,278.8626516,0.744103314,BARBUNYA
225.7362626,1.532363455,0.757714067,62582,279.0018746,0.757752659,BARBUNYA
216.1530585,1.671306915,0.801246683,62247,279.0132833,0.772970923,BARBUNYA
233.8137192,1.428592986,0.714153197,62351,279.0360992,0.743941606,BARBUNYA
236.1084807,1.399905628,0.699805064,62432,279.0383807,0.746496582,BARBUNYA
219.1963153,1.639877157,0.79255397,62918,279.1592728,0.719089243,BARBUNYA
224.2208282,1.554306968,0.765552394,62253,279.2527572,0.793560508,BARBUNYA
224.9855621,1.543875558,0.761877961,62242,279.2687148,0.786709649,BARBUNYA
223.705965,1.566197317,0.769630821,62720,279.314303,0.708820637,BARBUNYA
234.9036252,1.418190018,0.709083891,62463,279.3758353,0.788082535,BARBUNYA
232.8607657,1.442397564,0.720658581,62348,279.378114,0.740809668,BARBUNYA
230.9590196,1.468449256,0.732292245,62409,279.4191276,0.770739065,BARBUNYA
220.2620983,1.616094252,0.785567642,62227,279.4487448,0.686812018,BARBUNYA
219.2460922,1.628030639,0.789120006,62159,279.4829147,0.73998842,BARBUNYA
222.8756912,1.583221111,0.775275101,62512,279.5489645,0.769193172,BARBUNYA
245.2603572,1.300610689,0.639405632,62237,279.5717366,0.803789347,BARBUNYA
241.2196469,1.345763085,0.669210543,62475,279.5717366,0.767260774,BARBUNYA
232.4402151,1.453744132,0.725825418,62709,279.6969505,0.709164358,BARBUNYA
203.3579528,1.898470647,0.850026594,62193,279.7925306,0.807364026,BARBUNYA
222.4866728,1.591452965,0.777925422,62605,279.8221083,0.684974382,BARBUNYA
221.9501539,1.598033806,0.780008443,62634,279.9267427,0.828259582,BARBUNYA
229.139657,1.49611659,0.743804617,62493,279.9585802,0.722076246,BARBUNYA
216.014883,1.682346166,0.80416363,62400,279.9631282,0.774560874,BARBUNYA
211.1471681,1.765555454,0.824134605,62673,279.9881404,0.744354176,BARBUNYA
231.3110075,1.469742808,0.732849154,62280,280.0017825,0.783748695,BARBUNYA
219.6483307,1.628918184,0.789380401,62728,280.0745291,0.800103896,BARBUNYA
235.8439696,1.421020588,0.710477842,62499,280.1586189,0.795522003,BARBUNYA
221.4226451,1.60549931,0.782333963,62489,280.2131501,0.723721116,BARBUNYA
240.3264186,1.362998687,0.679499012,62812,280.2858419,0.728086944,BARBUNYA
218.0080432,1.666115371,0.799851062,63023,280.3539733,0.773755656,BARBUNYA
241.1030575,1.359236739,0.677299928,62957,280.4788379,0.734219032,BARBUNYA
218.7760939,1.652767146,0.796190585,62403,280.4811077,0.708176692,BARBUNYA
233.2393361,1.448256994,0.723346534,62654,280.4833774,0.760187008,BARBUNYA
227.5669307,1.525294212,0.755098621,62526,280.6081844,0.775908361,BARBUNYA
228.9225198,1.510267083,0.749384982,63198,280.6149905,0.772804518,BARBUNYA
227.0737283,1.540708979,0.76074418,63151,280.6989183,0.680736145,BARBUNYA
237.9380412,1.395779522,0.697643033,62975,280.7011863,0.724569127,BARBUNYA
221.8502492,1.605892328,0.782455301,62655,280.8621655,0.74689572,BARBUNYA
234.3842985,1.444327234,0.721548519,62621,280.871232,0.822304507,BARBUNYA
218.7750977,1.659080472,0.797934992,63233,280.9052288,0.794905341,BARBUNYA
223.5834024,1.583464959,0.775354336,63295,280.9142939,0.774453941,BARBUNYA
220.6176598,1.628007851,0.789113314,62965,280.9369554,0.701864831,BARBUNYA
226.1835632,1.549584597,0.763900332,62953,280.9754757,0.798714431,BARBUNYA
227.4652059,1.531540298,0.757411844,63197,281.0389095,0.710865878,BARBUNYA
237.7725894,1.415683061,0.707840007,63581,281.1340334,0.715966367,BARBUNYA
241.2600003,1.363568806,0.679830076,63727,281.2925017,0.767933272,BARBUNYA
226.2702692,1.548619192,0.763560292,63136,281.3468131,0.746075749,BARBUNYA
230.0615341,1.510807823,0.749594311,63550,281.3830149,0.758566427,BARBUNYA
231.3978415,1.487369799,0.740253597,63383,281.4373089,0.779874135,BARBUNYA
224.370612,1.578937062,0.773875735,63401,281.4508808,0.765139217,BARBUNYA
229.7546879,1.507758041,0.748409975,63385,281.4576664,0.794427845,BARBUNYA
242.658033,1.350398705,0.672032077,63353,281.6385577,0.801157407,BARBUNYA
236.4006216,1.423069503,0.71147998,63337,281.762853,0.767421538,BARBUNYA
220.6343769,1.633953636,0.790848113,63010,281.7854463,0.69052839,BARBUNYA
232.1408416,1.475064418,0.735120473,63399,281.8486978,0.738932184,BARBUNYA
215.10789,1.723601432,0.814487905,63240,281.8825767,0.746983625,BARBUNYA
245.4771635,1.324855815,0.655956014,63584,281.9074186,0.737528063,BARBUNYA
220.6904303,1.638668173,0.792207606,63123,281.9458064,0.786877395,BARBUNYA
239.7088797,1.395945377,0.697730439,63560,281.9616116,0.71593515,BARBUNYA
225.352307,1.569466264,0.77073215,63749,282.092535,0.723745006,BARBUNYA
230.9493251,1.503334856,0.746676098,63945,282.1038187,0.76536135,BARBUNYA
224.1367188,1.602676843,0.781459391,63879,282.1489488,0.71538576,BARBUNYA
221.0639332,1.645389954,0.794121783,63931,282.3181224,0.780614026,BARBUNYA
218.6033593,1.673928537,0.801945599,64037,282.3384165,0.691694103,BARBUNYA
219.8378372,1.655052677,0.796824837,63602,282.3790002,0.768483183,BARBUNYA
229.698731,1.519919168,0.75307933,63464,282.4331027,0.746010955,BARBUNYA
233.9888426,1.467558468,0.731907633,64225,282.5074767,0.701646574,BARBUNYA
226.0346213,1.570061688,0.770931844,63308,282.5480361,0.705361562,BARBUNYA
203.9844917,1.928771012,0.855098933,63714,282.5750724,0.720143769,BARBUNYA
223.2364287,1.60651789,0.782648211,64416,282.6313899,0.698509191,BARBUNYA
225.8237984,1.578440482,0.773712627,64077,282.683192,0.711575964,BARBUNYA
231.427946,1.497315641,0.744285257,63965,282.6944521,0.702080537,BARBUNYA
223.1302895,1.610995275,0.784021012,63429,282.7417396,0.81130637,BARBUNYA
215.3814719,1.734234481,0.817010144,63919,282.7529973,0.711008447,BARBUNYA
230.7214201,1.509827363,0.749214551,64071,282.8182834,0.779368526,BARBUNYA
225.7874732,1.57710525,0.773273119,64195,282.8407924,0.748273152,BARBUNYA
231.0540487,1.501998813,0.74614856,63990,282.8497955,0.783947999,BARBUNYA
229.6165007,1.524706104,0.754878983,63926,282.8565476,0.707635135,BARBUNYA
222.5298568,1.620561136,0.786908099,63383,282.8587983,0.798706086,BARBUNYA
233.9020988,1.466019164,0.731240883,63902,282.9488104,0.729361682,BARBUNYA
226.4525909,1.56597678,0.769556215,64015,283.0635345,0.771721136,BARBUNYA
218.1674481,1.688344068,0.805720208,64268,283.0725305,0.678892353,BARBUNYA
230.0695046,1.518771244,0.752644591,64331,283.1197548,0.734348937,BARBUNYA
243.3110501,1.384463221,0.691578194,64609,283.1265005,0.777259259,BARBUNYA
218.0330556,1.691441067,0.806516305,64219,283.1917005,0.740413777,BARBUNYA
228.2761847,1.541658912,0.761085211,63991,283.2546379,0.709668337,BARBUNYA
224.3681398,1.59803779,0.780009695,63896,283.3287963,0.751752754,BARBUNYA
233.1329454,1.481318814,0.737749909,63868,283.3377839,0.81346923,BARBUNYA
225.0158973,1.593211902,0.778485251,63792,283.4029353,0.684294455,BARBUNYA
229.1462507,1.532210116,0.757657815,64252,283.5062482,0.718528046,BARBUNYA
229.2060113,1.535168884,0.758739538,63999,283.5893203,0.71455722,BARBUNYA
236.1335757,1.445948929,0.722292825,64474,283.6948094,0.725462517,BARBUNYA
234.523667,1.47359513,0.734496524,64555,283.7217365,0.73378598,BARBUNYA
230.0762332,1.530399834,0.756992114,64388,283.789043,0.783920781,BARBUNYA
226.0999955,1.587709328,0.776726355,64508,283.8451196,0.767731916,BARBUNYA
217.4355445,1.709360855,0.811023206,64040,283.932577,0.719184462,BARBUNYA
236.5976849,1.44301459,0.720943653,64491,283.9393033,0.739762837,BARBUNYA
245.5370454,1.345824377,0.669248118,64428,284.0222488,0.76490402,BARBUNYA
225.9868437,1.586148204,0.776223274,64085,284.1320583,0.781169919,BARBUNYA
226.3641303,1.583472028,0.775356632,64721,284.3694603,0.696747299,BARBUNYA
234.5515131,1.476735753,0.73582732,64529,284.4097542,0.691505573,BARBUNYA
233.0616804,1.492387729,0.742300483,64683,284.4545185,0.725655431,BARBUNYA
218.3550724,1.704027487,0.809699298,64632,284.4701843,0.714115572,BARBUNYA
251.5858028,1.282893796,0.626417469,64527,284.584295,0.780791987,BARBUNYA
228.6444147,1.553229153,0.765176974,64755,284.6849429,0.716667793,BARBUNYA
221.383102,1.669724455,0.800822913,65204,284.7564932,0.809232763,BARBUNYA
225.5198267,1.600017752,0.780630302,64811,284.7967323,0.723634587,BARBUNYA
225.2498818,1.60475205,0.78210296,65415,284.8593151,0.709746754,BARBUNYA
238.5801589,1.430278923,0.714961009,65059,284.86155,0.767106799,BARBUNYA
227.7786694,1.57349711,0.77207859,65287,284.8637848,0.690483413,BARBUNYA
240.0385775,1.415559058,0.707778251,65051,284.9375244,0.76447034,BARBUNYA
224.6972554,1.614498657,0.785085565,64824,284.959866,0.68985062,BARBUNYA
224.4814357,1.615520811,0.785394587,64748,284.9688021,0.793638943,BARBUNYA
221.0987892,1.673976204,0.80195827,65071,285.2099718,0.808831721,BARBUNYA
221.7071419,1.659112885,0.797943887,65079,285.2099718,0.779625856,BARBUNYA
228.9156537,1.558245139,0.766915955,65322,285.2479152,0.713671491,BARBUNYA
224.3046931,1.6230905,0.787661225,65289,285.2613057,0.706667404,BARBUNYA
213.8962783,1.785074536,0.828356915,65090,285.3661767,0.758020741,BARBUNYA
218.1566158,1.72507071,0.814839676,65115,285.3840232,0.793229167,BARBUNYA
241.0475071,1.407132223,0.703530294,65434,285.4040993,0.794779735,BARBUNYA
233.0086792,1.508055304,0.748525812,65106,285.4330955,0.790287521,BARBUNYA
238.8867326,1.435343175,0.717365036,65339,285.4330955,0.81523761,BARBUNYA
228.1479985,1.572859599,0.771866485,64745,285.4620887,0.703965242,BARBUNYA
228.9041736,1.556489332,0.766309599,64811,285.4843892,0.76008122,BARBUNYA
230.9060098,1.533612071,0.758171341,65141,285.5334442,0.768703481,BARBUNYA
230.4796943,1.538669682,0.760009408,65223,285.5401329,0.77692849,BARBUNYA
246.8376575,1.346419153,0.669612364,65115,285.7028421,0.705580013,BARBUNYA
229.2063705,1.558041688,0.766845824,65138,285.8632317,0.784858268,BARBUNYA
236.6505301,1.461853849,0.729423014,65308,285.8699126,0.743601923,BARBUNYA
219.543195,1.703515551,0.809571451,66325,285.9367135,0.675823019,BARBUNYA
243.183425,1.385974676,0.692399946,65307,285.9545244,0.716299717,BARBUNYA
226.349489,1.599242795,0.78038773,65039,285.9745604,0.780924012,BARBUNYA
239.1408081,1.434015633,0.716738085,65055,286.0034988,0.751268798,BARBUNYA
221.1452216,1.676856625,0.802721631,65203,286.0391112,0.744801688,BARBUNYA
233.4468719,1.505636749,0.747580843,65556,286.0925216,0.73023446,BARBUNYA
237.3979323,1.458495443,0.727942606,65360,286.1592705,0.730840909,BARBUNYA
224.8790262,1.626954674,0.788803644,65275,286.1659445,0.821207865,BARBUNYA
240.4800297,1.419246173,0.709605304,65485,286.1993124,0.782970644,BARBUNYA
239.1536556,1.436441163,0.717881852,65278,286.3060633,0.796506161,BARBUNYA
226.5021242,1.601711464,0.78115897,65321,286.3105104,0.78629702,BARBUNYA
224.4069092,1.6359946,0.791438379,65579,286.3727625,0.757363749,BARBUNYA
250.7908825,1.307841889,0.644483258,65298,286.3772085,0.746243411,BARBUNYA
247.2226217,1.347096223,0.670026181,65455,286.3794315,0.75831744,BARBUNYA
223.9394257,1.64236141,0.793262818,65869,286.4327784,0.823349774,BARBUNYA
231.8613142,1.530160816,0.756903998,65479,286.4638928,0.800593759,BARBUNYA
227.7020864,1.58830727,0.776918566,65268,286.5238897,0.687325445,BARBUNYA
236.351649,1.475179582,0.735169278,65406,286.5949808,0.785940546,BARBUNYA
230.0473935,1.557406686,0.766626717,65672,286.6105297,0.713715209,BARBUNYA
221.6379579,1.676689325,0.802677421,65642,286.6394038,0.697923426,BARBUNYA
232.5007748,1.527642907,0.755972615,65592,286.7193479,0.799777035,BARBUNYA
230.277935,1.559067097,0.767198945,65886,286.7415506,0.701531776,BARBUNYA
230.7238485,1.546355098,0.762759725,65911,286.7504312,0.717603396,BARBUNYA
239.3742573,1.438621845,0.718903682,65657,286.7770714,0.786020249,BARBUNYA
220.2918279,1.699453852,0.808552289,65684,286.783731,0.68092934,BARBUNYA
214.0935549,1.801807345,0.831851486,66321,286.8059288,0.69214699,BARBUNYA
233.2860028,1.525289613,0.755096905,66408,286.8569771,0.764041756,BARBUNYA
246.5186803,1.362239879,0.679057482,65994,287.0255938,0.795632286,BARBUNYA
250.6054893,1.313162543,0.648141,65499,287.0544262,0.789992798,BARBUNYA
233.2095572,1.520029398,0.753121011,65283,287.0721678,0.802860403,BARBUNYA
224.1463197,1.663610681,0.799172181,66426,287.0921258,0.691802122,BARBUNYA
220.6077122,1.698855997,0.808401548,65891,287.1187343,0.799037394,BARBUNYA
152.1514111,1.321195101,0.653541731,24263,174.7786118,0.793176408,DERMASON
146.6914134,1.427568388,0.713660415,24361,174.9751928,0.708694371,DERMASON
145.9358504,1.445754539,0.722203779,24356,174.9788311,0.762017936,DERMASON
132.298336,1.757936342,0.822442113,24326,175.0006593,0.659492213,DERMASON
152.6078737,1.317004618,0.650742163,24406,175.0115724,0.779874214,DERMASON
155.389835,1.27277287,0.618625326,24320,175.0624912,0.781645775,DERMASON
150.082095,1.362116811,0.678985775,24330,175.0624912,0.743268281,DERMASON
145.714377,1.447588342,0.723041948,24462,175.0734005,0.711061882,DERMASON
154.9509464,1.28088015,0.62488955,24466,175.1642845,0.739202454,DERMASON
158.2061055,1.232366445,0.584426076,24792,175.2224255,0.720143348,DERMASON
143.1321486,1.50264977,0.746405814,24459,175.3132322,0.76350582,DERMASON
145.8169793,1.448658625,0.723529221,24392,175.3168634,0.705270539,DERMASON
148.3817131,1.399644944,0.699669231,24478,175.4293962,0.728612769,DERMASON
139.5007779,1.584739989,0.775767912,24479,175.4366539,0.751087497,DERMASON
144.5738136,1.478353615,0.736508628,24512,175.4838216,0.803628389,DERMASON
150.9878676,1.361599467,0.678684044,24574,175.491077,0.734706275,DERMASON
150.6131453,1.365419587,0.680900851,24510,175.4983321,0.7792668,DERMASON
145.44657,1.460798447,0.728959209,24463,175.505587,0.776280323,DERMASON
145.8526526,1.450465068,0.724348464,24488,175.5128415,0.763892397,DERMASON
140.7041451,1.564258273,0.768973529,24517,175.5672411,0.821535225,DERMASON
141.63518,1.539495438,0.76030737,24500,175.5744931,0.730853986,DERMASON
149.7801556,1.377089524,0.68751603,24489,175.578119,0.728136653,DERMASON
146.8454314,1.434687928,0.717055872,24491,175.6614937,0.77240566,DERMASON
145.921687,1.454045721,0.725960608,24494,175.7375839,0.708121679,DERMASON
151.7031407,1.348601725,0.67094318,24688,175.7412064,0.721934524,DERMASON
148.9945674,1.394283156,0.696852538,24558,175.7448289,0.743198529,DERMASON
141.9059831,1.552191461,0.764814616,24743,175.8136412,0.686760962,DERMASON
143.1742788,1.514885633,0.751163817,24647,175.9222374,0.721361586,DERMASON
146.6762133,1.44097945,0.720001581,24576,175.9330933,0.736555067,DERMASON
145.643678,1.461950235,0.729465307,24677,176.0090661,0.724136905,DERMASON
148.0295135,1.418786649,0.709378632,24623,176.0343831,0.755510027,DERMASON
148.9329752,1.400587624,0.700159943,24630,176.0524644,0.776243622,DERMASON
146.4044966,1.450376426,0.724308356,24612,176.1247712,0.790852431,DERMASON
148.080925,1.417959694,0.708969976,24649,176.1500715,0.737948159,DERMASON
144.9249853,1.482579813,0.738274899,24661,176.1645273,0.717494333,DERMASON
151.3742994,1.365199861,0.680774044,24670,176.168141,0.804455446,DERMASON
153.5903063,1.321053414,0.653447703,24726,176.1789818,0.717654332,DERMASON
135.5364056,1.693304316,0.806992782,24631,176.2151129,0.759277709,DERMASON
140.0152488,1.591970038,0.778090229,25462,176.2187256,0.741014189,DERMASON
131.4330586,1.805745122,0.832657696,24738,176.3198513,0.755523238,DERMASON
135.1245894,1.707942621,0.810672577,24700,176.3451237,0.736727799,DERMASON
143.9506413,1.504751935,0.747233693,24744,176.3487337,0.803877041,DERMASON
145.5922225,1.47791847,0.736325663,24734,176.3559536,0.803942865,DERMASON
146.08628,1.461635206,0.729327036,24796,176.3992665,0.756438034,DERMASON
146.8278997,1.448432888,0.723426566,24761,176.4100931,0.759445687,DERMASON
132.6402186,1.771578506,0.825454711,24874,176.4245275,0.692913832,DERMASON
149.3111557,1.399856534,0.69977949,24712,176.4678237,0.783910256,DERMASON
144.0188315,1.505522318,0.74753599,24752,176.4894677,0.758856008,DERMASON
143.4460593,1.516756013,0.751878388,24762,176.5075024,0.706665511,DERMASON
142.3045242,1.544663006,0.76215856,24836,176.5435663,0.758662369,DERMASON
135.7760329,1.694986789,0.80742144,24743,176.5543841,0.689828121,DERMASON
145.2785462,1.483382539,0.738608206,24841,176.5868333,0.762959502,DERMASON
150.6627213,1.379694274,0.688961168,24727,176.6264853,0.785698252,DERMASON
147.7645408,1.434690868,0.717057261,24839,176.7057628,0.794428247,DERMASON
151.8732124,1.359537209,0.677476505,24910,176.7669982,0.727464058,DERMASON
141.1223374,1.572880315,0.771873382,24783,176.7814035,0.783759619,DERMASON
148.1343876,1.432807847,0.716165698,24982,176.7814035,0.761699355,DERMASON
145.2276992,1.485357742,0.739425411,24870,176.7886057,0.744864209,DERMASON
141.9189579,1.556239456,0.7662231,24838,176.8606115,0.759811957,DERMASON
148.6671844,1.42139438,0.710661095,24805,176.864211,0.831488814,DERMASON
140.879595,1.580955784,0.774536874,24865,176.8678105,0.824241814,DERMASON
149.6176681,1.402773197,0.701292527,24921,176.9433819,0.755453149,DERMASON
148.5383674,1.427000287,0.713386583,24997,177.1303725,0.754778241,DERMASON
146.8934367,1.456163941,0.726907047,25009,177.148342,0.714488636,DERMASON
140.9202666,1.586715622,0.776406337,24990,177.1986468,0.827328234,DERMASON
148.5503059,1.444176086,0.72147898,25110,177.2202016,0.701684019,DERMASON
133.396772,1.771954276,0.825536555,24926,177.2920321,0.802672649,DERMASON
145.8755735,1.481582971,0.737860027,25006,177.3028042,0.737102938,DERMASON
143.3554747,1.533025613,0.757956739,24966,177.3279364,0.717769123,DERMASON
146.2245614,1.472550781,0.73405157,25013,177.3458859,0.718499127,DERMASON
145.3784403,1.49648815,0.743953714,25080,177.3638335,0.76063666,DERMASON
144.2485864,1.515570947,0.751426024,25152,177.4212537,0.737647691,DERMASON
141.5263218,1.577423916,0.773378136,25100,177.5324525,0.747245449,DERMASON
150.2609306,1.403077301,0.701449553,25024,177.5575523,0.804660081,DERMASON
145.0687176,1.503788741,0.746854911,25176,177.5683082,0.747524752,DERMASON
139.2806607,1.629582952,0.789575102,25154,177.5790635,0.698448957,DERMASON
